1;Mikhail;13 
1;Mikhail;123
1;Mikhail;123
1;Mikhail;123
1;;
1;M;123
1;;
1;Mn;123
1;;
;;
1;;
;;
1;;
;;
1;;
;;
1;;
;;
1;intellij idea;78
;;
1;intellij idea;78
;;
1;Вика;100
;;
1;;
;;
1;Mikhail;13
;;
1;;
;;
1;intellij idea;43
;;
1;M;123
;;
1;intellij idea;43
;;
1;intellij idea;45
;;
1;;
1;;
1;Mi;123
;;
1;;
;;
1;;
;;
1;Вика;100
1;;
1;;
1;Mikhail;123
;;
1;;
;;
1;;
;;
1;Inna;111
;;
1;I;125
;;
1;;
;;
1;;
;;
1;;
;;
1;;
;;
1;;
;;
1;;
;;
1;;
;;
1;;
;;
1;;
;;
1;;
;;
1;Mikhail;4
;;
1;Mikhail;4
